CATGTAACTTAATACCACAACCAGGCATAGGGGAAAGATTGGAGGAAAGATGAGTGAGAGCATCAACTTCTCTCACAACCTAGGCCAGTAAGTAGTGCTT,86,52,8,2
ATCAGGTCTCCAGAGCTGCAGAAGACGACGGCCGACTTGGATCACACTCTTGTGAGTGTCCCCAGTGTTGCAGAGGTGAGAGGAGAGTAGACAGTGAGTG,74,82,7,5
GGAAAGATGAGTGAGAGCATCAACTTCTCTCACAACCTAGGCCAGTAAGTAGTGCTTGTGCTCATCTCCTTGGCTGTGATACGTGGCCGGCCCTCGCTCC,43,55,4,5
CAGCATCAGGTCTCCAGAGCTGCAGAAGACGACGGCCGACTTGGATCACACTCTTGTGAGTGTCCCCAGTGTTGCAGAGGTGAGAGGAGAGTAGACAGTG,54,42,5,11
ACCAGTCCATAGGCAAGCCTGGCTGCCTCCAGCTGGGTCGACAGACAGGGGCTGGAGAAGGGGAGAAGAGGAAAGTGAGGTTGCCTGCCCTGTCTCCTAC,11,51,1,10
CCACCTTTGGTTCTGCCATTGCTGCTGTGTGGAAGTTCACTCCTGCCTTTTCCTTTCCCTAGAGCCTCCACCACCCCGAGATCACATTTCTCACTGCCTT,33,3,3,9
GAGACCTTCTGCAGGTACTGCAGGGCATCCGCCATCTGCTGGACGGCCTCCTCTCGCCGCAGGTCTGGCTGGATGAAGGGCACGGCATAGGTCTGACCTG,17,68,1,3
CGGCTCTGCTCTACCTGCTGGGAGATCCTGCCATGGAGAAGATCACAGAGGCTGGGCTGCTCCCCACCCTCTGCACACCTCCTGCTTCTAACAGCAGAGC,67,41,6,2
CCTGGGCGCCCGTGAAGATGGAGCCATATTCCTGCAGGCGCCCTGGAGCAGGGTACTTGGCACTGGAGAACACCTGTGGACACAGGGACAAGTCTGAGGG,23,100,2,8
TCTCCTGAGAGGGCCAGGATGGCCAAGGGATGGTGAATATTTGGTGCTGGGCCTAATCAGCTGCCATCCCATCCCAGTCAGCCTCCTCTGGGGGACAGAA,12,30,1,9
GGGTCCAGGAAGACATACTTCTTCTACCTACAGAGGCGACATGGGGGTCAGGCAAGCTGACACCCGCTGTCCTGAGCCCATGTTCCTCTCCCACATCATC,26,71,2,1
CAGGGGCAGAGGGGGCAATGCCGGGGCCCAGGTCGGCAATGTACATGAGGTCGTTGGCAATGCCGGGCAGGTCAGGCAGGTAGGATGGAACATCAATCTC,81,53,8,0
CAGGAGCTGGGGGTGGTGGTGGGGGCGGTGGGGGTGGTGTTAGTACCCCATCTTGTAGGTCTGAAACACAAAGTGTGGGGTGTCTAGGGAAGAAGGTGTG,97,57,9,0
TGGGAGCTCCCTGGACTGGAGCCGGGAGGTGGGGAACAGGGCAAGGAGGAAAGGCTGCTCAGGCAGGGCTGGGGAAGCTTACTGTGTCCAAGAGCCTGCT,20,77,2,6
CCCACCCCCATGACACTCCCCAGCCCTCCAAGGCCACTGTGTTTCCCAGTTAGCTCAGAGCCTCAGTCGATCCCTGACCCAGCACCGGGCACTGATGAGA,51,8,5,6
TGTGAAGTGCCTAGAATAGTCAAAATTCACAGAGACAGAAGCAGTGGTCGCCAGGAATGGGGAAGCAAGGCGGAGTTGGGCAGCTCGTGTTCAATGGGTA,96,1,9,0
TCGCTGGCTGCAGCGTGTGGTCCCCTTACCAGAGGTAAAGAAGAGATGGATCTCCACTCATGTTGTAGACAGAATGTTTATGTCCTCTCCAAATGCTTAT,33,100,3,10
TGGCTGCAGCGTGTGGTCCCCTTACCAGAGGTAAAGAAGAGATGGATCTCCACTCATGTTGTAGACAGAATGTTTATGTCCTCTCCAAATGCTTATGTTG,29,42,2,0
TGTTATAATCCTGGGATCACGGCCAGTGGGCTTAGAAGAAGCCATCTCTTTCTCATGCCAAGATGAGGCTCCCCCAGATTTGCTCAGACTTACC,8,33,0,3
ATACTTTAAGTCAGGGACCCAGGTTCCTCCCATCTATGGTTCTGCCATCACTAATCTGGGTCTTCCACAATTGCCGTGCTCCTTGGAGGTGGGAAGAGCA,89,68,8,4
ACACATATCCTCTATATTATACTACCTCTCATGGAGGATCTCCTGTGTTCTACAAATAGTCTGGACTTGAGCCAGAATGTGTTATAATCCTGGGATCACG,47,76,4,0
GACAGGTAAAAGAGATGCTTTTAATTACAAAACTTTCCCTGTCGTGGTTGCTTCTCTCTATCCTTCTAAACTCCCTTTCAATTTCTTCTCTTCTGTAACA,4,26,0,3
ATAAAATGTAATAATTCCAAATGTTTGTAACAGAATGGGTAGGACTTTCTTCACTTATTTAAATACTCCCTTTTTTATGCAACTGAGTTTTCATCAACAA,6,58,0,6
CCTCATTCTGTGAAAATTGCTGTAGTCTCTTCCAGTTATGAAGAAGGTAGGTGGAAACAAAGACAAAACACATATATTAGAAGAATGAATGAAATTGTAG,45,18,4,3
TGGAAAACATTAAACACGATTGAAATAATGCTAGCCAATATGGTTATTATTAGAAACCAATTACATTTTCAACTTAAAAATAGTAATACTTATTGCAGAC,14,57,1,9
CTGTGACGCAGCTTCAGGAGGTCCTGAGAACGTGTGCACAGTTTAGTCGGCAGAAACTTAGGGAAATGTAAGACCACCATCAGCACATAGGAGTTCTGCA,78,45,7,9
AACATACTAAGTGCTGGCTCTTTTTCATGTCCTTTATCAAGTTTGGATCATGTCATTTGCTGTTTTCTTTCTGATGTAAACTCTCAAAGTTTGAAGGGTA,45,42,4,6
AATGATTAACAAGGTGATAGTCAGTTCTTCATTGAATCCTGGATGCTTTATTTTTCTTAATAAGAGGAATTCATATGGATCAGCTAGAAAAAAATTAAGA,32,31,3,4
TCAACTTAAAAATAGTAATACTTATTGCAGACTCAAATGTGCTTATTCTAAAACAAGTAAATGTTTGCCTATGGTCTGAGATTCTAATCCACGGAGTTCA,0,19,0,2
AAAGTAATGGGGCTTACAGGTCATAGATAGATTCAAAGATTTTCTGATTGTCAATTGGTTGAAAGAATTATTATCTACAGACCTGCTATCAATAGAAAGG,74,52,7,0
GATGTCATTTCACTTCAGATTCTTCTTTAGAAAACTTGGACAATAGCATTTGCTGTCTTGTCCAAATTGTTACTAAGAATCAAGAGAGATATCTGACATG,84,75,8,2
ACATATCTTTCATTCATTCCTTTCAACTGATGAGGAAACTGAGGCATTGGGAGTTAGTAAAAGTCCACATTGAGATATGAGACCCACCACTGGCTGGACA,66,54,6,0
TTCCTTTTATAAGATGGAGTCTCACTCTGTTGCCCAGGCTGGAGTGCACTGGTGCGATCTCAGCTCACTGCAACCTCCATCTCCCAGTTCAAGTGATTCT,1,31,0,3
GTATATCTATTACATATATATTATATATGTATTATATATATTATATATTATATATGTATTATATATATTATATATTATATATCTATTATATATATAATAT,19,67,1,4
CAAGTTTGCTCTTAGCAAGTAATTGTTTCAGTATCTATATCAAAAATGGCTTAAGCCTGCAACATGTTTCTGAATGATTAACAAGGTGATAGTCAGT,4,21,0,6
GTGACACCAAAGCAGTGTGGCTGAACACCTAAAAGAATACGCTTTTTTTCTGATTATCAAACAAACCCAAATCATCACAGTAGACCACGATCTTAATAAC,27,39,2,9
GTAAATACAGACGAAGCTTCCCTCACTCCCTCACTCGACACCGCTCACC,26,17,2,5
GTAATCCCAACTACTCGGGAGGCTGAGGCAGGAGAATTGCTTGAACCCAGAAGGTGGAGGTTGCGCTGAGCCGAGATAGCGCCATTGCACTCCAGCCTGG,30,34,3,8
CAAGGTCCTGTTTCTGAAGAAAAAAAGGACATTGGAATCAGGGCCCTCTCCATCCTGAGGTGCCTACAAGGCATCTCTCTCTGCAAACGAGTAAACATCA,77,42,7,8
AACATAATTTGATCATTTTTAAGTTACAGTCCAAATCTTTTTGTACCTGAATAACATGTTGCCCAGTCAGTCTCTCTTCCTGGATTCACAAGTCTTTCAT,29,23,2,8
TCGTCTCCTCCACTGGATTGTGAGGGCCTAGAAGGAGACAAGGGTCTGCTTGAGAAGGCAGTGAACAGCGAGCAGCCTGAGGCAGTGCCCCTCTGGATGG,3,8,0,10
ATTCGAGACGGGCAGCACAAGCTGCGGAGTGCAGGCCACCTCTACGGCCAGGAAACGGATTCTCCCGCAGAGCCTCGGAAGCTACCGACCCTGCTCCCAC,56,87,5,11
AATTTCCCCTTCTTGGTGGTTCTTAGAATTGGTTTAATGGGAGACTATTAGAGAAGCTGAAAAGCAGGAGGGCAGAAAAGCTCAATCAAATTAAACACAA,21,14,2,8
AAGGTGAGAATAAATACTTAATATTCATTAGGCAATATTCAGCAAAGTAATATCCACTAGTACATATTTAATATTTCATCATGAACTGCGGGTGTGAAGA,1,16,0,2
TTTTAATAACAAAAAAATCCTTTCCTTCTAAAGTAACATCCTCTCAAGGCCAGGAATTCCATTAGTAGAAAGCCTTCCTAAAAAACAAAATTCCTGGCCA,56,47,5,2
CCTCAACCTTCTAGACTCAAGTGATCCTCCAGTCTTAGCCTCCCCAGTAGCTCGGACTACAGGTGTGCACTGCAACGTGTAGCTCATTTTTTTTTTTTAA,100,99,10,4
GGAGTTTGAGGCTATAATGAGCCATGATAGGACCACTGAACTCCATCCTGAGTGACAGGGCAAGGTCCTGTTTCTGAAGAAAAAAAGGACATTGGAATCA,12,96,1,2
AAGCAAAAGTTGCTTCTCAATAACACGTCCCTATGTCAGAGCAGCACTAACATATAATGACTGATTTCATATATTTTACATTCTAACAGTCCATATCATT,81,30,8,4
AAAAGACAGAGAATTAGTCAGACAGGTACATGCTGTGCCAAAAGTGCACTACAGCCCCCACCCAATTCTGCCTAATCCTAGCTGGGCTGACACCAACCTG,24,50,2,11
CCTAGGCCAGTAAGTAGTGCTTGTGCTCATCTCCTTGGCTGTGATACATGGCCAGCCCTCGCTCCAGCAGCTGGACCCCTACCTGCCGTCTGCTGCCATC,8,18,0,6
GATGCCAGGCATGCCCTTCCCCAGCATCAGGTCTCCAGAGCTGCAGAAGACGACGGCCGACTTGGATCACACTCTTGTGAGTGTCCCCAGTGTTGCAGAG,75,59,7,8
GCCCCCAAGAAAGGCTCTGGTGGAGAACCTGTGCATGAAGGCTGTCAACCAGTCCATAGGCAAGCCTGGCTGCCTCCAGCTGGGTCGACAGACAGGGGCT,58,19,5,6
TGCTGCTGTGTGGAAGTTCACTCCTGCCTTTTCCTTTCCCTAGAGCCTCCACCACCCCGAGATCACATTTCTCACTGCCTTTTGTCTGCCCAGTTTCACC,22,94,2,3
CTCTACCTGCTGGGAGATCCTGCCATGGAGAAGATCACAGAGGCTGGGCTGCTCCCCACCCTCTGCACACCTCCTGCTTCTAACAGCAGAGCTGCCAGGC,54,78,5,4
CCCGTGAAGATGGAGCCATATTCCTGCAGGCGCCCTGGAGCAGGGTACTTGGCACTGGAGAACACCTGTGGACACAGGGACAAGTCTGAGGGGGCCCCAA,29,78,2,9
TTGGTGCTCACGCACACAGGAAAGTCCTTCAGCTTCTCCTGGGAGGGCCAGGATGGCCAAGGGATGGTGAATATTTGGTGCTGGGCCTAATCAGCTGCCA,45,52,4,5
CCCCAGCATCACATGGGTCTTTGTTACAGCACCAGCCAGGGGGTCCAGGAAGACATACTTCTTCTACCTACAGAGGCGACATGGGGGTCAGGCAAGCTGA,66,31,6,5
TCAGGCAGGTAGGATGGAACATCAATCTCAGGCACCTGGCCCAGGTCTGGCACATAGAAGTAGTTCTCTGGGACCTGCAAGATTAGGCAGGGACATGTGA,6,78,0,1
TGGTGGGGGCGGTGGGGGTGGTGTTAGTACCCCATCTTGTAGGTCTGAAACACAAAGTATGGGGTGTCTAGGGAAGAAGGTGTGTGACCAGGGAGGTCCC,85,79,8,4
TCTAGCAGAGTGGCCCGGCCACCGGAGGGGTCGACCACTTCCCTGGGAGCTCCCTGGACTGGAGCCAGGAGGTGGGGAACAGGGCAAGGAGGAAAGGCTG,62,45,6,8
TGACACTCCCCAGCCCTCCAAGGCCACTGTGTTTCCCAGTTAGCTCAGAGCCTCAGTCGATCCCTGACCCAGCACCAGGCACTGATGAGACAGCGGCGGT,7,52,0,1
TGCCTGTGGCTGCTGCGGTGGCGGCAGAGGAGGGATGGAGTCTGACACGCGGGCAAAGGCTCCTCCGGGCCCCTCACCAGCCCCAGGTCCTTTCCCAGAG,37,47,3,5
TTCATGGCTGAAATCGTGTTTGACCAGCTATGTGTGTCTCTCAATCCGATCAAGTAGATGTCTGAAATTAACCATCAGAATATTTATGCCTGATTCATGG,44,7,4,8
CCTGTGCATCAGCTGCTGCTGTCTGTAGCTGACTTCCTTCACCCCTCTGCTGTCCTCAGCTCCTTCACCCCTGGGCCTCAGGAAATCAATGTCATGCTGA,84,4,8,3
GCCAGGAAGAGCCTATGTGATGACTACATGCCGTGCGGGATCCTGGATGGGATCCTGGGTCAGAGTAAGATAGAACTAAGGGAATCCAAATGAAATATGA,8,92,0,6
CTATGTGTGTCTCTCAATCCGATCAAGTAGATGTCTGAAATTAACCATCAGAATATTTATGCCTGATTCATGGCTGAAATTTCAGGATGAAAGCTATGAA,21,82,2,7
TTCATAGGTGGCCACCCTTAGAGACAATAGATGGCAAATGTTTCCTGTTCAGACCCATAGAAGGTGCTAGGCTCTCAGCCAATGTCTTCAGGATCAGAGA,23,64,2,11
CACCCCTGGGCCTCAGGAAATCAATGTCATGCTGACATCACTCTAGATCTAAAAGTTGGGTTCTTGGACCAGGTGTGGTGGCTCACACCTGTAATCCCAG,4,34,0,7
CTTGGCCTTTAAGGCCTTCGCTTTGGCTTCGGCTTTAGGAGGAGCAGGAGCTTCCTTCGCTTTCGGTGCCGTCTTGTGAAAAGCGAAAAACATTATTTCA,90,87,9,3
GCTGTCCTCAGCTCCTTCACCCCTGGGCCTCAGGAAATCAATGTCATGCTGACATCACTCTAGATCTAAAAGTTGGGTTCTTGGACCAGGCGTGGTGGCT,36,56,3,7
ATACATTTTCTAACCTACTATAGAATGCTAATATATGACAGTTTATAACCGTCTACTTCCTAGTTTTCTCTGGAAAATAAAAGATTACTAAGTATTAAAA,63,74,6,3
TGACATTGGAAAACATTAAACACGATTGAAATAATGCTAGCCAATATGGTTACTATTAGAAACCAATTACATTTTCAACTTAAAAATAGTAATACTTATT,20,89,2,9
AGTGCCTGTGACGCAGCTTCAGGAGGTCCTGAGAACGTGTGCACAGTTTAGTCGGCAGAAACTTAGGGAAATGTAAGACCACCATCAGCACATAGGAGTT,83,92,8,1
TTTTGTTCCCATGCCTACCTTTTAGCCATAATACAACAGAATCAAATATTGGCCACTGGGAAAAAATATTCAAAGAAAGAAAGAATGTGAACAGAACTTA,9,7,0,2
